{
  "attack": {
    "Abkhazia": -1.1142240274685677,
    "Afghanistan": -0.6092902489318097,
    "Albania": 0.3383325776953483,
    "Alderney": -1.4142808440745105,
    "Algeria": 0.7282114833818024,
    "Andorra": -1.5961608023883318,
    "Angola": -0.2728115527034822,
    "Antigua and Barbuda": -0.5721656647222116,
    "Argentina": 1.0886533215319119,
    "Armenia": 0.6700647172084103,
    "Aruba": -0.6602810219784245,
    "Australia": 0.6320934055461388,
    "Austria": 0.646404913742942,
    "Azerbaijan": -0.03644946796192689,
    "Bahrain": -0.11055168115999213,
    "Bangladesh": -1.3610808795448721,
    "Barbados": -0.5334284575218026,
    "Belarus": 0.21868585431958054,
    "Belgium": 1.1377377567675673,
    "Belize": -0.4188785791643059,
    "Benin": 0.21229935087522112,
    "Bermuda": -0.3220024119777499,
    "Bhutan": -1.3221545796776952,
    "Bolivia": 0.5167314588235918,
    "Bosnia and Herzegovina": 0.8394474601201061,
    "Botswana": -0.17513886289709504,
    "Brazil": 1.326054811170601,
    "British Virgin Islands": -2.1422946052807568,
    "Brunei": -1.016907271929157,
    "Bulgaria": 0.4548230719537368,
    "Burkina Faso": 0.405691645105235,
    "Burundi": -0.04629909307782389,
    "Cambodia": -0.8581398597156739,
    "Cameroon": 0.4036004450160292,
    "Canada": 0.20218732610202486,
    "Cape Verde": 0.19713965567083194,
    "Cayman Islands": -1.3030685796355406,
    "Central African Republic": 0.0830629958683991,
    "Chad": -0.05854620791043489,
    "Chile": 1.034807603028272,
    "China": 0.273533303521633,
    "Colombia": 0.9468159416222647,
    "Comoros": -0.5952633989172916,
    "Congo": 0.30884250074094954,
    "Costa Rica": 0.5023292271729801,
    "Croatia": 0.79708576343944,
    "Cuba": -0.39782965909494805,
    "Cura\u00e7ao": -0.1976868946601848,
    "Cyprus": 0.12830170956051615,
    "Czech Republic": 0.6415413250254557,
    "DR Congo": 0.6013031415411743,
    "Denmark": 0.8668086222215453,
    "Djibouti": -1.488234278778727,
    "Dominica": -0.6287575146427734,
    "Dominican Republic": 0.022971991718768896,
    "Ecuador": 0.9586656925393752,
    "Egypt": 0.5395353321195496,
    "El Salvador": 0.06839823753573,
    "England": 0.8915391066461235,
    "Equatorial Guinea": -0.08057129062735253,
    "Estonia": 0.01269675125458392,
    "Eswatini": -0.20945056755651445,
    "Ethiopia": 0.0180841642041193,
    "Falkland Islands": -2.8332000625831135,
    "Faroe Islands": -0.2914647084177927,
    "Fiji": -0.7298474094749028,
    "Finland": 0.2948072714008258,
    "France": 1.0820430912507046,
    "French Guiana": 0.03210543047042215,
    "Gabon": -0.04399110394587171,
    "Gambia": -0.38166142192658414,
    "Georgia": 0.3133216125848518,
    "Germany": 1.210877438118685,
    "Ghana": 0.5292834776200898,
    "Gibraltar": -0.989548343967107,
    "Greece": 0.30752778225898647,
    "Greenland": -0.3821094150814713,
    "Grenada": -0.557234773723267,
    "Guadeloupe": -0.252924138003672,
    "Guam": -1.0189275058814276,
    "Guatemala": 0.06554756991148447,
    "Guernsey": -0.07861978104480291,
    "Guinea": 0.5734453598460238,
    "Guinea-Bissau": -0.14306496823656267,
    "Guyana": -0.2696579157774565,
    "Haiti": 0.17268925416001138,
    "Honduras": 0.24413064226616846,
    "Hong Kong": -0.5133478981908126,
    "Hungary": 0.4868011794209815,
    "Iceland": 0.7140252038513881,
    "India": -0.4128713436844388,
    "Indonesia": -0.41050636067461416,
    "Iran": 0.5126970589071633,
    "Iraq": 0.09997739651177538,
    "Iraqi Kurdistan": -0.397469877623486,
    "Israel": 0.45438562097450597,
    "Italy": 0.7500062288156556,
    "Ivory Coast": 0.5475149691211936,
    "Jamaica": 0.004665661244404026,
    "Japan": 0.6968300383077878,
    "Jersey": 0.13438528148362894,
    "Jordan": 0.10130691324476997,
    "Kazakhstan": -0.004749528309028881,
    "Kenya": -0.16289961509115142,
    "Kuwait": 0.06638038290098303,
    "Kyrgyzstan": -0.5749978412887751,
    "Laos": -0.9314661901977883,
    "Latvia": 0.07090196350188481,
    "Lebanon": -0.050238757308497195,
    "Lesotho": -0.20096675894399307,
    "Liberia": -0.09119205882516244,
    "Libya": -0.006579997051270405,
    "Liechtenstein": -0.7726310171160482,
    "Lithuania": -0.18888330378237803,
    "Luxembourg": 0.036060739143703884,
    "Macau": -1.0264013138482242,
    "Madagascar": 0.09563420714044829,
    "Malawi": -0.3174592955735188,
    "Malaysia": -0.6739993760514366,
    "Maldives": -0.5507042641697142,
    "Mali": 0.28472167140547316,
    "Malta": -0.5544358636371137,
    "Martinique": -0.178175971569901,
    "Mauritania": -0.28466550138443103,
    "Mauritius": -0.43366131031266936,
    "Mayotte": -0.19613143837793598,
    "Mexico": 0.7679658173954164,
    "Moldova": -0.15329830926678836,
    "Mongolia": -0.9761825285585496,
    "Montenegro": 0.6166875628013754,
    "Morocco": 0.5382763540245,
    "Mozambique": -0.14107981864548388,
    "Myanmar": -0.6188030762700941,
    "Namibia": -0.16704010499927918,
    "Nepal": -1.4354796798349945,
    "Netherlands": 1.1150613369113327,
    "New Caledonia": -0.42964582797613854,
    "New Zealand": -0.07484065833815837,
    "Nicaragua": -0.35494323628112073,
    "Niger": -0.16485356927352754,
    "Nigeria": 0.5767606600819318,
    "North Korea": 0.14173625263176304,
    "North Macedonia": 0.37527535317513844,
    "Northern Ireland": 0.2622460375201302,
    "Norway": 0.38399782077439754,
    "Occitania": -0.6687125736266236,
    "Oman": 0.08229146443184022,
    "Padania": -0.49893655896864425,
    "Pakistan": -1.024186423437622,
    "Palestine": 0.05315090140649881,
    "Panama": 0.38091395987313587,
    "Papua New Guinea": -0.6388573512109091,
    "Paraguay": 0.6505807976146173,
    "Peru": 0.7767159826135503,
    "Philippines": -0.42541610005065433,
    "Poland": 0.8805908104206672,
    "Portugal": 0.956514233015965,
    "Provence": -0.3177577886238407,
    "Puerto Rico": -0.3898749971886014,
    "Qatar": 0.2368083110318272,
    "Republic of Ireland": 0.611132673944594,
    "Romania": 0.5769190167154427,
    "Russia": 0.7990088136283066,
    "Rwanda": -0.13793577616975672,
    "R\u00e9union": 0.14300725082841156,
    "Saint Kitts and Nevis": -0.5138377049415225,
    "Saint Lucia": -0.7403113779150267,
    "Saint Vincent and the Grenadines": -0.05011117933609601,
    "San Marino": -1.6172451572362903,
    "Saudi Arabia": 0.3681104670848759,
    "Scotland": 0.6230156601467325,
    "Senegal": 0.6158998860006808,
    "Serbia": 0.7693352341839959,
    "Seychelles": -0.8174421910472591,
    "Sierra Leone": -0.06717628146627944,
    "Singapore": -0.671863945817941,
    "Slovakia": 0.6185398613196623,
    "Slovenia": 0.3829433012188498,
    "Solomon Islands": -0.8683224160117472,
    "Somalia": -2.4922070671330907,
    "South Africa": 0.3792582226281694,
    "South Korea": 0.5568025558383327,
    "South Sudan": -0.7114253806598603,
    "Spain": 1.2566306851728222,
    "Sri Lanka": -1.413268559886851,
    "Sudan": -0.3017213789286661,
    "Suriname": -0.19219352437655227,
    "Sweden": 0.8968359522690816,
    "Switzerland": 0.7113296614549972,
    "Syria": 0.22464228210749593,
    "Tahiti": -0.5890982083231634,
    "Taiwan": -0.543327052987064,
    "Tajikistan": -0.1532094413939611,
    "Tanzania": -0.10783611089921369,
    "Thailand": -3.519471819631432e-05,
    "Timor-Leste": -1.5005587747785687,
    "Togo": 0.1381312921654114,
    "Trinidad and Tobago": 0.1423056106515784,
    "Tunisia": 0.4724757685034542,
    "Turkey": 0.6298855033768407,
    "Turkmenistan": -0.3154180825833678,
    "Uganda": -0.07383654925571576,
    "Ukraine": 0.6461630794944818,
    "United Arab Emirates": 0.2670879591711022,
    "United States": 0.725935332790845,
    "United States Virgin Islands": -1.6702057539143256,
    "Uruguay": 0.9831962898673985,
    "Uzbekistan": 0.2259250944866144,
    "Vanuatu": -0.4694491314871832,
    "Venezuela": 0.6310029553628556,
    "Vietnam": -0.15240802175772036,
    "Wales": 0.48314693621910865,
    "Yemen": -0.8236213388595731,